Direction.NORTH,21,False,22,2,Beugin,Bray-Dunes
Direction.NORTH,55,False,56,7,Les Herbiers,Hébécrevon
Direction.NORTH,113,False,114,6,Tresnay,Flines-lès-Mortagne
Direction.NORTH,47,False,48,4,Chenu,Serquigny
Direction.NORTH,19,False,20,1,Butot,Sainte-Marguerite-sur-Mer
Direction.NORTH,15,True,16,2,Avrillé,Nantes
Direction.NORTH,19,False,20,1,Sortosville-en-Beaumont,Réthoville
Direction.NORTH,82,True,83,7,Vernoy,Tourcoing
Direction.NORTH,5,True,6,3,Chasse-sur-Rhône,Lyon
Direction.NORTH,52,False,53,3,Balignicourt,Givet
Direction.NORTH,96,False,97,7,Essia,Ville-Houdlémont
Direction.NORTH,146,False,147,12,Eoux,Serquigny
Direction.NORTH,14,False,15,1,Tour-en-Bessin,Saint-Pierre-du-Mont
Direction.NORTH,60,True,61,4,Berthenonville,Calais
Direction.NORTH,69,False,70,4,Saint-Bresson,Merschweiller
Direction.NORTH,2,True,3,1,Garons,Nîmes
Direction.NORTH,125,False,126,9,Bayas,Berville-sur-Mer
Direction.NORTH,5,False,6,1,Pléneuf-Val-André,Erquy
Direction.NORTH,117,True,118,10,Brenoux,Reims
Direction.NORTH,36,False,37,4,Katzenthal,Blies-Guersviller
Direction.NORTH,10,False,11,1,Clarbec,Honfleur
Direction.NORTH,0,False,1,1,La Chapelle-Péchaud,La Chapelle-Péchaud
Direction.NORTH,49,True,50,4,Songeons,Calais
Direction.NORTH,24,False,25,2,Châteauvieux,Voves
Direction.NORTH,24,True,25,2,Boussens,Montauban
Direction.NORTH,24,False,25,3,Les Petites-Loges,Brognon
Direction.NORTH,59,True,60,5,Boury-en-Vexin,Calais
Direction.NORTH,0,False,1,1,Odival,Odival
Direction.NORTH,0,False,1,1,Cormicy,Cormicy
Direction.NORTH,35,True,36,3,Montigny-la-Resle,Reims
Direction.NORTH,108,False,109,10,Mourvilles-Hautes,Voves
Direction.NORTH,124,False,125,9,Salignac,Berville-sur-Mer
Direction.NORTH,55,False,56,6,Chemillé-sur-Indrois,Serquigny
Direction.NORTH,162,True,163,14,Ségur,Tourcoing
Direction.NORTH,50,False,51,4,Prévillers,Bray-Dunes
Direction.NORTH,3,True,4,1,Gundolsheim,Colmar
Direction.NORTH,73,True,74,8,Tilly,Calais
Direction.NORTH,19,False,20,2,Brie,Le Mont-Saint-Michel
Direction.NORTH,66,False,67,5,Bussières,Fleigneux
Direction.NORTH,7,True,8,2,Ampuis,Lyon
Direction.NORTH,121,False,122,8,Bouligneux,Givet
Direction.NORTH,18,True,19,3,Rouffiac,Niort
Direction.NORTH,52,False,53,3,Laval,Courseulles-sur-Mer
Direction.NORTH,98,False,99,9,Ségoufielle,Voves
Direction.NORTH,4,False,5,1,Taulé,Locquénolé
Direction.NORTH,31,False,32,2,Érize-la-Petite,Williers
Direction.NORTH,29,False,30,2,Hénin-sur-Cojeul,Halluin
Direction.NORTH,11,True,12,1,Orveau,Massy
Direction.NORTH,3,False,4,1,La Flotte,Saint-Martin-de-Ré
Direction.NORTH,57,True,58,4,Farceaux,Calais
Direction.NORTH,9,False,10,1,Gaudreville-la-Rivière,Le Bec-Thomas
Direction.NORTH,74,False,75,7,Recologne,Ville-Houdlémont
Direction.NORTH,19,False,20,2,Vidouville,Saint-Pierre-du-Mont
Direction.NORTH,14,False,15,1,Villers-sur-Mer,Honfleur
Direction.NORTH,7,False,8,1,Plouvara,Ploubazlanec
Direction.NORTH,73,False,74,7,Saint-Céré,Voves
Direction.NORTH,9,True,10,1,Sainte-Anne,Besançon
Direction.NORTH,51,True,52,6,Abeilhan,Clermont-Ferrand
Direction.NORTH,129,False,130,5,Pierreclos,Givet
Direction.NORTH,68,False,69,4,La Pouëze,Arromanches-les-Bains
Direction.NORTH,85,True,86,6,Lourties-Monbrun,Tours
Direction.NORTH,44,False,45,5,Prez-sous-Lafauche,Ville-Houdlémont
Direction.NORTH,26,False,27,3,Condé-sur-Marne,Brognon
Direction.NORTH,10,False,11,2,Montmartin-en-Graignes,Saint-Pierre-du-Mont
Direction.NORTH,72,False,73,6,Goussainville,Bray-Dunes
Direction.NORTH,111,False,112,8,Chaley,Ville-Houdlémont
Direction.NORTH,52,True,53,4,Magny-Lormes,Reims
Direction.NORTH,82,False,83,8,Liesle,Ville-Houdlémont
Direction.NORTH,6,False,7,1,Guebenhouse,Schœneck
Direction.NORTH,105,False,106,10,Puycalvel,Voves
Direction.NORTH,13,False,14,1,Saint-Georges-de-Livoye,Hébécrevon
Direction.NORTH,29,False,30,2,Onville,Ville-Houdlémont
Direction.NORTH,52,False,53,3,Bonchamp-lès-Laval,Arromanches-les-Bains
Direction.NORTH,12,True,13,1,Rapilly,Caen
Direction.NORTH,35,True,36,3,Croix-Moligneaux,Tourcoing
Direction.NORTH,122,False,123,9,La Chapelle-de-la-Tour,Ville-Houdlémont
Direction.NORTH,21,False,22,3,Pareid,Ville-Houdlémont
Direction.NORTH,176,False,177,11,Puget,Givet
Direction.NORTH,48,True,49,4,Latresne,Niort
Direction.NORTH,51,False,52,6,Lussault-sur-Loire,Serquigny
Direction.NORTH,59,False,60,4,Aulnoy-sur-Aube,Fleigneux
Direction.NORTH,1,True,2,1,Labastide-Saint-Pierre,Montauban
Direction.NORTH,62,False,63,5,Vernantes,Berville-sur-Mer
Direction.NORTH,118,False,119,5,Malay,Givet
Direction.NORTH,90,False,91,6,Gergueil,Givet
Direction.NORTH,39,False,40,3,Beaulieu,Voves
Direction.NORTH,86,False,87,8,Saint-Projet,Voves
Direction.NORTH,2,True,3,1,Juigné-sur-Loire,Angers
Direction.NORTH,18,False,19,2,Cheffreville-Tonnencourt,Berville-sur-Mer
Direction.NORTH,65,True,66,4,Miserey,Calais
Direction.NORTH,67,False,68,6,Pouançay,Berville-sur-Mer
Direction.NORTH,48,False,49,3,Torcy-le-Petit,Givet
Direction.NORTH,31,True,32,4,Ornolac-Ussat-les-Bains,Montauban
Direction.NORTH,55,False,56,7,Bevons,Morez
Direction.NORTH,32,False,33,2,Contescourt,Flines-lès-Mortagne
Direction.NORTH,25,True,26,3,Épenède,Tours
Direction.NORTH,3,True,4,2,Montravers,Cholet
Direction.NORTH,58,False,59,7,Montfort,Morez
Direction.NORTH,51,False,52,4,Le Monteil-au-Vicomte,Voves
Direction.NORTH,9,True,10,3,Saint-Georges-sur-la-Prée,Orléans
Direction.NORTH,19,False,20,1,Gonneville-en-Auge,Honfleur
Direction.NORTH,71,False,72,4,Saint-Martin-du-Fouilloux,Arromanches-les-Bains
Direction.NORTH,79,False,80,7,Grèzes,Voves
Direction.NORTH,111,False,112,7,Joudes,Givet
Direction.NORTH,39,False,40,1,Château-Salins,Merschweiller
Direction.NORTH,167,False,168,15,Cuges-les-Pins,Ville-Houdlémont
Direction.NORTH,26,False,27,3,Orgères,Berville-sur-Mer
Direction.NORTH,19,False,20,3,Sauveterre-de-Béarn,Arcachon
Direction.NORTH,26,True,27,3,Arget,Bordeaux
Direction.NORTH,55,True,56,4,Saint-Jean-aux-Bois,Tourcoing
Direction.NORTH,95,True,96,9,Tracy-sur-Loire,Tourcoing
Direction.NORTH,0,False,1,1,Rémonville,Rémonville
Direction.NORTH,117,False,118,12,Mirepoix,Voves
Direction.NORTH,24,True,25,4,Albaret-Sainte-Marie,Clermont-Ferrand
Direction.NORTH,143,False,144,10,Saint-Maurice-d'Ardèche,Givet
Direction.NORTH,127,False,128,8,Saint-Éloi,Givet
Direction.NORTH,3,True,4,1,Péchabou,Toulouse
Direction.NORTH,21,False,22,3,Espiute,Arcachon
Direction.NORTH,22,False,23,2,Cerqueux,Berville-sur-Mer
Direction.NORTH,73,False,74,8,Le Vigan,Voves
Direction.NORTH,98,False,99,6,Saint-Vincent-des-Prés,Givet
Direction.NORTH,20,False,21,3,Boucau,Arcachon
Direction.NORTH,97,False,98,9,Saint-Priest-les-Fougères,Serquigny
Direction.NORTH,13,False,14,1,Chanteloup,Le Bec-Thomas
Direction.NORTH,103,True,104,8,Bertren,Tours
Direction.NORTH,95,False,96,5,Aillant-sur-Tholon,Flines-lès-Mortagne
Direction.NORTH,3,False,4,1,Cormeilles,Fort-Moville
Direction.NORTH,67,False,68,4,Rousseloy,Bray-Dunes
Direction.NORTH,19,True,20,1,Hagenthal-le-Haut,Colmar
Direction.NORTH,102,False,103,6,Colméry,Flines-lès-Mortagne
Direction.NORTH,47,True,48,4,Loueuse,Calais
Direction.NORTH,144,False,145,10,Les Assions,Givet
Direction.NORTH,51,True,52,6,Caubon-Saint-Sauveur,Poitiers
Direction.NORTH,94,False,95,6,Ormoy,Flines-lès-Mortagne
Direction.NORTH,50,False,51,6,Chasnais,Le Mont-Saint-Michel
Direction.NORTH,7,False,8,1,La Goulafrière,Valailles
Direction.NORTH,96,False,97,9,Lugan,Voves
Direction.NORTH,78,False,79,5,Corancy,Givet
Direction.NORTH,114,False,115,10,Saint-Front-sur-Lémance,Serquigny
Direction.NORTH,0,True,1,1,Bobigny,Bobigny
Direction.NORTH,2,True,3,1,Hardinvast,Cherbourg-en-Cotentin
Direction.NORTH,24,False,25,2,Cernay-en-Dormois,Fleigneux
Direction.NORTH,30,False,31,4,Couffé,Le Mont-Saint-Michel
Direction.NORTH,131,False,132,11,Saint-Caprais,Serquigny
Direction.NORTH,114,False,115,8,Vésines,Givet
Direction.NORTH,9,True,10,2,Aresches,Besançon
Direction.NORTH,17,False,18,3,Ayherre,Arcachon
Direction.NORTH,25,True,26,2,Sem,Toulouse
Direction.NORTH,10,False,11,1,Saint-Symphorien,Saint-Coulomb
Direction.NORTH,2,True,3,1,Hames-Boucres,Calais
Direction.NORTH,41,False,42,4,Valcourt,Fleigneux
Direction.NORTH,25,True,26,2,Sains-lès-Marquion,Tourcoing
Direction.NORTH,36,False,37,3,Crévoux,Évian-les-Bains
Direction.NORTH,31,False,32,2,Barenton-sur-Serre,Flines-lès-Mortagne
Direction.NORTH,85,False,86,9,Vazerac,Voves
Direction.NORTH,36,False,37,3,Robert-Espagne,Fleigneux
Direction.NORTH,99,False,100,8,Arcon,Givet
Direction.NORTH,23,False,24,2,Harbouey,Schœneck
Direction.NORTH,54,False,55,6,Villandry,Serquigny
Direction.NORTH,99,False,100,7,Châtenoy-en-Bresse,Givet
Direction.NORTH,0,False,1,1,Champteussé-sur-Baconne,Champteussé-sur-Baconne
Direction.NORTH,158,False,159,13,Mayrègne,Serquigny
Direction.NORTH,158,False,159,12,Milhas,Serquigny
Direction.NORTH,103,False,104,7,Saint-Clément-sur-Valsonne,Givet
Direction.NORTH,26,False,27,1,Suzanne,Givet
Direction.NORTH,111,False,112,8,Florentia,Fleigneux
Direction.NORTH,10,False,11,1,Havange,Mondorff
Direction.NORTH,46,False,47,4,Peyrilhac,Voves
Direction.NORTH,132,False,133,9,Mauriac,Berville-sur-Mer
Direction.NORTH,107,False,108,9,Issigeac,Serquigny
Direction.NORTH,3,True,4,1,Villemolaque,Perpignan
Direction.NORTH,33,False,34,3,Le Vieil-Dampierre,Fleigneux
Direction.NORTH,11,False,12,2,Chandai,Serquigny
Direction.NORTH,46,True,47,6,Colombières-sur-Orb,Clermont-Ferrand
Direction.NORTH,64,True,65,5,Villiers-en-Désœuvre,Calais
Direction.NORTH,119,True,120,11,Saint-Nazaire-des-Gardies,Reims
Direction.NORTH,1,True,2,1,Bonneuil-sur-Marne,Saint-Maur-des-Fossés
Direction.NORTH,42,False,43,4,Mézières-sur-Ponthouin,Berville-sur-Mer
Direction.NORTH,16,False,17,1,Bas-Lieu,Gussignies
Direction.NORTH,43,True,44,6,Loubès-Bernac,Poitiers
Direction.NORTH,59,False,60,6,Delle,Blies-Guersviller
Direction.NORTH,54,False,55,3,Chaumousey,Merschweiller
Direction.NORTH,53,False,54,3,Marlers,Grand-Fort-Philippe
Direction.NORTH,9,False,10,1,La Méaugon,Ploubazlanec
Direction.NORTH,56,True,57,4,Monmarvès,Tours
Direction.NORTH,98,False,99,4,Musigny,Givet
Direction.NORTH,19,False,20,2,Le Thuel,Bousignies-sur-Roc
Direction.NORTH,115,False,116,8,Saint-Cyr-au-Mont-d'Or,Fleigneux
Direction.NORTH,44,False,45,4,Bayard-sur-Marne,Fleigneux
Direction.NORTH,20,False,21,2,Chissay-en-Touraine,Voves
Direction.NORTH,142,False,143,9,Beaufort,Givet
Direction.NORTH,51,False,52,4,Crissé,Honfleur
Direction.NORTH,166,True,167,14,Saint-Juéry,Tourcoing
Direction.NORTH,52,True,53,6,Espondeilhan,Clermont-Ferrand
Direction.NORTH,78,True,79,4,Jumelles,Calais
Direction.NORTH,13,True,14,4,La Motte-de-Galaure,Vénissieux
Direction.NORTH,37,True,38,5,Saint-André-de-Vézines,Clermont-Ferrand
Direction.NORTH,46,False,47,4,Rupt,Fleigneux
Direction.NORTH,0,False,1,1,La Ville-aux-Nonains,La Ville-aux-Nonains
Direction.NORTH,30,True,31,3,Montembœuf,Tours
Direction.NORTH,93,False,94,9,Anville,Berville-sur-Mer
Direction.NORTH,36,True,37,3,Bazac,Poitiers
Direction.NORTH,94,True,95,8,Bonneval,Reims
Direction.NORTH,69,False,70,9,La Bazeuge,Serquigny
Direction.NORTH,29,False,30,2,Villard-Léger,Évian-les-Bains
Direction.NORTH,61,False,62,5,Brouchaud,Voves
Direction.NORTH,88,True,89,6,Aulnat,Reims
Direction.NORTH,64,False,65,3,Le Val-d'Ajol,Merschweiller
Direction.NORTH,30,False,31,2,Fontaine-en-Dormois,Givet
Direction.NORTH,6,True,7,1,Grues,La Roche-sur-Yon
Direction.NORTH,8,False,9,1,Bertrange,Mondorff
Direction.NORTH,109,False,110,8,Villechenève,Givet
Direction.NORTH,71,False,72,5,Ronquerolles,Bray-Dunes
Direction.NORTH,0,False,1,1,Pontgouin,Pontgouin
Direction.NORTH,84,False,85,9,Saint-Vincent-d'Autéjac,Voves
Direction.NORTH,91,False,92,6,Curley,Givet
Direction.NORTH,1,True,2,1,Jouy-en-Josas,Versailles
Direction.NORTH,101,True,102,8,Saint-Christophe-sur-Dolaison,Reims
Direction.NORTH,19,True,20,1,Brunémont,Tourcoing
Direction.NORTH,105,True,106,9,Sanssac-l'Église,Reims
Direction.NORTH,0,False,1,1,Pussy,Pussy
Direction.NORTH,47,False,48,4,Bénévent-l'Abbaye,Voves
Direction.NORTH,19,False,20,1,Émondeville,Réthoville
Direction.NORTH,17,False,18,1,Nouvion-sur-Meuse,Givet
Direction.NORTH,6,False,7,1,Bouglainval,Ouerre
Direction.NORTH,53,False,54,7,Thèze,Morez
Direction.NORTH,13,False,14,1,Hagondange,Mondorff
Direction.NORTH,14,True,15,3,La Taillée,Cholet
Direction.NORTH,32,False,33,3,Mont-Dauphin,Évian-les-Bains
Direction.NORTH,45,False,46,5,Quet-en-Beaumont,Morez
Direction.NORTH,62,False,63,5,Champagnac-la-Noaille,Voves
Direction.NORTH,78,False,79,6,Clux,Fleigneux
Direction.NORTH,93,False,94,8,Cox,Voves
Direction.NORTH,28,False,29,1,Schiltigheim,Wissembourg
Direction.NORTH,15,False,16,1,Sales,Saint-Julien-en-Genevois
Direction.NORTH,19,False,20,1,Pierreville,Omonville-la-Rogue
Direction.NORTH,46,False,47,5,Tourrettes-sur-Loup,Évian-les-Bains
Direction.NORTH,6,False,7,1,Vauville,Omonville-la-Rogue
Direction.NORTH,29,False,30,2,Betton-Bettonet,Yvoire
Direction.NORTH,119,False,120,11,Prugnanes,Voves
Direction.NORTH,29,False,30,1,Morhange,Merschweiller
Direction.NORTH,12,True,13,1,Givry-lès-Loisy,Reims
Direction.NORTH,52,False,53,5,Champnétery,Voves
Direction.NORTH,9,False,10,1,Trimer,Saint-Coulomb
Direction.NORTH,17,True,18,2,Saint-Just-près-Brioude,Clermont-Ferrand
Direction.NORTH,8,False,9,1,Hargnies,Gussignies
Direction.NORTH,89,False,90,6,Reulle-Vergy,Givet
Direction.NORTH,120,False,121,10,Fa,Voves
Direction.NORTH,120,False,121,10,Saint-Louis-et-Parahou,Voves
Direction.NORTH,37,False,38,3,Nettancourt,Fleigneux
Direction.NORTH,9,False,10,1,Altrippe,Schœneck
Direction.NORTH,44,False,45,4,Paroy-sur-Saulx,Fleigneux
Direction.NORTH,6,False,7,1,Contz-les-Bains,Mondorff
Direction.NORTH,115,False,116,9,Usson-en-Forez,Givet
Direction.NORTH,58,False,59,3,Épieds,Flines-lès-Mortagne
Direction.NORTH,27,True,28,2,Saint-Martial-de-Mirambeau,Niort
Direction.NORTH,47,False,48,4,Neuville-sur-Sarthe,Berville-sur-Mer
Direction.NORTH,88,False,89,6,Chalmoux,Givet
Direction.NORTH,34,False,35,4,Fricourt,Bray-Dunes
Direction.NORTH,14,False,15,1,La Grandville,Givet
Direction.NORTH,18,False,19,2,Nizy-le-Comte,Bousignies-sur-Roc
Direction.NORTH,1,True,2,1,Générac,Nîmes
Direction.NORTH,22,True,23,3,La Roche-Rigault,Le Mans
Direction.NORTH,106,False,107,7,Farges-lès-Mâcon,Givet
Direction.NORTH,11,False,12,2,Offwiller,Rolbing
Direction.NORTH,73,False,74,5,Mérey-Vieilley,Mondorff
Direction.NORTH,4,True,5,2,Saint-André-sur-Sèvre,Cholet
Direction.NORTH,1,False,2,1,Saint-Georges-du-Vièvre,Saint-Étienne-l'Allier
Direction.NORTH,12,False,13,1,Bibiche,Merschweiller
Direction.NORTH,0,False,1,1,Saint-Georges-sur-Eure,Saint-Georges-sur-Eure
Direction.NORTH,54,False,55,5,Vignemont,Bray-Dunes
Direction.NORTH,50,False,51,6,Lagrange,Blies-Guersviller
Direction.NORTH,82,False,83,5,Nancray,Mondorff
Direction.NORTH,59,True,60,5,Grateloup-Saint-Gayrand,Tours
Direction.NORTH,132,False,133,9,Loupes,Berville-sur-Mer
Direction.NORTH,114,False,115,5,Saint-Vallerin,Givet
Direction.NORTH,77,False,78,8,Peyrat-de-Bellac,Serquigny
Direction.NORTH,89,False,90,5,Les Premiers-Sapins,Merschweiller
Direction.NORTH,39,False,40,1,Hannocourt,Merschweiller
Direction.NORTH,6,True,7,1,Hocquinghen,Calais
Direction.NORTH,47,True,48,6,Saint-Laurent-des-Arbres,Lyon
Direction.NORTH,61,False,62,3,Soulaines-Dhuys,Givet
Direction.NORTH,94,False,95,9,Puygouzon,Voves
Direction.NORTH,158,False,159,10,Bourdeaux,Givet
Direction.NORTH,72,False,73,7,Loupiac,Voves
Direction.NORTH,91,False,92,6,Fixin,Givet
Direction.NORTH,20,False,21,1,Montchauvet,Saint-Pierre-du-Mont
Direction.NORTH,107,False,108,10,Saint-Germier,Voves
Direction.NORTH,90,False,91,6,Agey,Givet
Direction.NORTH,8,False,9,2,Les Authieux-sur-Calonne,Berville-sur-Mer
Direction.NORTH,10,False,11,2,Villermain,Voves
Direction.NORTH,17,False,18,1,La Chapelle-des-Fougeretz,Saint-Coulomb
Direction.NORTH,17,True,18,2,Lavaufranche,Bourges
Direction.NORTH,18,False,19,2,Autheuil,Serquigny
Direction.NORTH,67,True,68,5,Neuilly-le-Réal,Reims
Direction.NORTH,171,True,172,16,Rosières,Tourcoing
Direction.NORTH,25,True,26,3,Voulgézac,Poitiers
Direction.NORTH,89,False,90,8,Vilhonneur,Serquigny
Direction.NORTH,33,False,34,3,Vergies,Grand-Fort-Philippe
Direction.NORTH,55,False,56,5,Ballersdorf,Blies-Guersviller
Direction.NORTH,70,False,71,4,Nesle-et-Massoult,Givet
Direction.NORTH,15,True,16,2,Vénérand,Niort
Direction.NORTH,96,False,97,8,Le Crozet,Givet
Direction.NORTH,44,True,45,3,Mesnières-en-Bray,Calais
Direction.NORTH,42,False,43,3,Nant-le-Petit,Fleigneux
Direction.NORTH,129,True,130,13,Montbazin,Reims
Direction.NORTH,0,True,1,1,Colombes,Colombes
Direction.NORTH,23,False,24,3,Orsanco,Arcachon
Direction.NORTH,107,True,108,9,Freycenet-la-Tour,Reims
Direction.NORTH,76,False,77,8,Saint-Junien-les-Combes,Serquigny
Direction.NORTH,20,False,21,2,Valhuon,Bray-Dunes
Direction.NORTH,52,True,53,6,Saint-Pardoux-du-Breuil,Poitiers
Direction.NORTH,98,False,99,9,Laboutarie,Voves
Direction.NORTH,22,False,23,1,Sommerance,Fleigneux
Direction.NORTH,55,False,56,3,Troësnes,Flines-lès-Mortagne
Direction.NORTH,47,True,48,6,Esclottes,Poitiers
Direction.NORTH,115,False,116,9,Fournols,Givet
Direction.NORTH,135,False,136,9,Virelade,Berville-sur-Mer
Direction.NORTH,29,False,30,2,Muhlbach-sur-Bruche,Blies-Guersviller
Direction.NORTH,13,False,14,2,Aire-sur-la-Lys,Bray-Dunes
Direction.NORTH,0,False,1,1,Île-de-Batz,Île-de-Batz
Direction.NORTH,88,False,89,7,Oulmes,Berville-sur-Mer
Direction.NORTH,123,True,124,12,Soustelle,Reims
Direction.NORTH,133,False,134,9,L'Albenc,Ville-Houdlémont
Direction.NORTH,27,False,28,2,Gouy,Flines-lès-Mortagne
Direction.NORTH,53,False,54,4,Élencourt,Grand-Fort-Philippe
Direction.NORTH,16,False,17,1,Bettange,Merschweiller
Direction.NORTH,61,False,62,5,Les Bois-d'Anjou,Berville-sur-Mer
Direction.NORTH,152,False,153,10,Montagne,Givet
Direction.NORTH,39,False,40,3,Gargilesse-Dampierre,Voves
Direction.NORTH,48,True,49,6,Duras,Poitiers
Direction.NORTH,35,True,36,3,Auquemesnil,Calais
Direction.NORTH,30,False,31,3,Rapsécourt,Fleigneux
Direction.NORTH,29,True,30,3,Mialos,Bordeaux
Direction.NORTH,0,False,1,1,Ance Féas,Ance Féas
Direction.NORTH,34,False,35,4,Le Landreau,Le Mont-Saint-Michel
Direction.NORTH,91,False,92,5,Nods,Merschweiller
Direction.NORTH,4,False,5,1,Saint-Jacut-de-la-Mer,Saint-Jacut-de-la-Mer
Direction.NORTH,6,False,7,1,Épreville-près-le-Neubourg,Le Bec-Thomas
Direction.NORTH,6,False,7,1,La Ferté-sur-Chiers,Williers
Direction.NORTH,143,False,144,10,Uzer,Givet
Direction.NORTH,4,True,5,1,Gondecourt,Lille
Direction.NORTH,4,False,5,1,Chuisnes,Chuisnes
Direction.NORTH,114,False,115,5,Sercy,Givet
Direction.NORTH,42,False,43,5,Ilonse,Évian-les-Bains
Direction.NORTH,122,False,123,12,Le Peyrat,Voves
Direction.NORTH,15,True,16,1,Ognes,Reims
Direction.NORTH,10,False,11,1,Nouainville,Omonville-la-Rogue
Direction.NORTH,103,False,104,8,Moragne,Berville-sur-Mer
Direction.NORTH,14,False,15,1,Vaucelles,Saint-Pierre-du-Mont
Direction.NORTH,15,False,16,2,Saint-Hilaire-le-Châtel,Saint-Léger-de-Rôtes
Direction.NORTH,13,True,14,4,Condé,Orléans
Direction.NORTH,98,True,99,9,Varennes-lès-Narcy,Tourcoing
Direction.NORTH,0,False,1,1,Les Biards,Les Biards
Direction.NORTH,47,False,48,4,Doméliers,Bray-Dunes
Direction.NORTH,35,False,36,3,Beauvois-en-Vermandois,Flines-lès-Mortagne
Direction.NORTH,97,False,98,8,Mauvezin,Voves
Direction.NORTH,0,False,1,1,Mignovillard,Mignovillard
Direction.NORTH,1,True,2,2,Les Lilas,Pantin
Direction.NORTH,112,True,113,10,Cassagnas,Reims
Direction.NORTH,48,False,49,4,Surfonds,Berville-sur-Mer
Direction.NORTH,74,False,75,4,Montjustin-et-Velotte,Merschweiller
Direction.NORTH,67,False,68,6,Saint-Léger-de-Montbrillais,Berville-sur-Mer
Direction.NORTH,2,False,3,1,Corneville-la-Fouquetière,Saint-Léger-de-Rôtes
Direction.NORTH,49,True,50,4,Notre-Dame-du-Parc,Calais
Direction.NORTH,45,True,46,3,Massy,Calais
Direction.NORTH,33,True,34,3,Chéu,Reims
Direction.NORTH,45,True,46,4,Lacroix-Saint-Ouen,Lille
Direction.NORTH,60,False,61,5,Sacy-le-Grand,Bray-Dunes
Direction.NORTH,90,False,91,9,Verfeil,Voves
Direction.NORTH,37,False,38,4,Flaucourt,Bray-Dunes
Direction.NORTH,39,False,40,3,Bonneuil,Voves
Direction.NORTH,31,False,32,1,Condé-sur-Noireau,Courseulles-sur-Mer
Direction.NORTH,150,False,151,13,Benque,Serquigny
Direction.NORTH,140,True,141,13,Apchon,Tourcoing
Direction.NORTH,41,False,42,2,La Lande-de-Lougé,Honfleur
Direction.NORTH,81,True,82,4,Breux-sur-Avre,Calais
Direction.NORTH,62,True,63,6,Gramond,Bourges
Direction.NORTH,80,True,81,7,La Belliole,Tourcoing
Direction.NORTH,15,False,16,1,Vieux,Courseulles-sur-Mer
Direction.NORTH,43,False,44,3,Montreuil-Poulay,Courseulles-sur-Mer
Direction.NORTH,15,False,16,4,Motz,Morez
Direction.NORTH,6,False,7,2,Sindères,Arcachon
Direction.NORTH,29,True,30,2,Vosnon,Reims
Direction.NORTH,120,False,121,7,Cesset,Flines-lès-Mortagne
Direction.NORTH,167,True,168,15,Rayssac,Tourcoing
Direction.NORTH,13,False,14,2,Guiscriff,Locquénolé
Direction.NORTH,62,False,63,3,Bar-sur-Seine,Givet
Direction.NORTH,82,True,83,7,Cadours,Tours
Direction.NORTH,24,True,25,4,Cazaux,Montauban
Direction.NORTH,165,False,166,13,Sénac,Berville-sur-Mer
Direction.NORTH,99,True,100,7,Artiguemy,Tours
Direction.NORTH,21,False,22,1,Senuc,Fleigneux
Direction.NORTH,40,False,41,5,Cholonge,Morez
Direction.NORTH,12,False,13,2,Martigny,Bousignies-sur-Roc
Direction.NORTH,121,False,122,10,Quillan,Voves
Direction.NORTH,13,False,14,2,Saint-Fergeux,Brognon
Direction.NORTH,32,True,33,2,Bouttencourt,Calais
Direction.NORTH,77,False,78,6,Savignac-sur-Leyze,Voves
Direction.NORTH,0,False,1,1,Mépieu,Mépieu
Direction.NORTH,53,False,54,7,Esnandes,Le Mont-Saint-Michel
Direction.NORTH,25,False,26,2,Berzieux,Fleigneux
Direction.NORTH,7,False,8,1,Beauvilliers,Mainvilliers
Direction.NORTH,78,False,79,8,Montgesty,Voves
Direction.NORTH,44,False,45,5,Wuenheim,Blies-Guersviller
Direction.NORTH,43,False,44,2,Forcelles-sous-Gugney,Mondorff
Direction.NORTH,34,True,35,2,Ercourt,Calais
Direction.NORTH,4,False,5,1,Woustviller,Blies-Guersviller
Direction.NORTH,179,True,180,17,Ventenac-en-Minervois,Tourcoing
Direction.NORTH,40,False,41,2,Saint-Brice,Courseulles-sur-Mer
Direction.NORTH,9,False,10,2,Bouvelinghem,Grand-Fort-Philippe
Direction.NORTH,57,False,58,4,Querré,Courseulles-sur-Mer
Direction.NORTH,160,False,161,12,Cucuron,Ville-Houdlémont
Direction.NORTH,19,False,20,3,Neuilly-sur-Eure,Serquigny
Direction.NORTH,25,False,26,1,Pontpierre,Merschweiller
Direction.NORTH,56,False,57,7,Bourgneuf,Le Mont-Saint-Michel
Direction.NORTH,85,False,86,4,Étormay,Givet
Direction.NORTH,45,False,46,6,Monthodon,Serquigny
Direction.NORTH,0,False,1,1,Bischtroff-sur-Sarre,Bischtroff-sur-Sarre
Direction.NORTH,95,False,96,8,Benon,Berville-sur-Mer
Direction.NORTH,47,False,48,3,Molliens-Dreuil,Grand-Fort-Philippe
Direction.NORTH,184,True,185,16,Pont-de-Larn,Tourcoing
Direction.NORTH,110,False,111,8,Luchat,Berville-sur-Mer
Direction.NORTH,122,False,123,12,Lavelanet,Voves
Direction.NORTH,21,False,22,2,Mellé,Hébécrevon
Direction.NORTH,0,False,1,1,Saint-Pierre-de-Salerne,Saint-Pierre-de-Salerne
Direction.NORTH,13,False,14,2,Guilliers,Erquy
Direction.NORTH,146,False,147,10,Vallon-Pont-d'Arc,Givet
Direction.NORTH,65,False,66,6,Chouzé-sur-Loire,Berville-sur-Mer
Direction.NORTH,58,False,59,6,Cintrey,Ville-Houdlémont
Direction.NORTH,94,False,95,9,Rouffiac,Voves
Direction.NORTH,81,False,82,4,Bellenod-sur-Seine,Givet
Direction.NORTH,69,False,70,6,Bellefontaine,Bray-Dunes
Direction.NORTH,95,False,96,8,Marigny,Ville-Houdlémont
Direction.NORTH,30,True,31,3,Os-Marsillon,Bordeaux
Direction.NORTH,29,True,30,3,Maisonneuve,Le Mans
Direction.NORTH,19,False,20,1,Verpel,Fleigneux
Direction.NORTH,29,False,30,2,Quiberon,Ploubazlanec
Direction.NORTH,39,False,40,5,Ornon,Morez
Direction.NORTH,13,True,14,2,Sainte-Foy-de-Peyrolières,Montauban
Direction.NORTH,19,True,20,3,Charmensac,Clermont-Ferrand
Direction.NORTH,54,False,55,4,Villiers-le-Sec,Fleigneux
Direction.NORTH,3,True,4,1,Vorly,Bourges
Direction.NORTH,131,False,132,12,Pelleport,Serquigny
Direction.NORTH,77,True,78,6,Bazian,Tours
Direction.NORTH,59,False,60,6,Pressigny,Ville-Houdlémont
Direction.NORTH,39,False,40,3,Combles,Halluin
Direction.NORTH,17,True,18,3,Tourriers,Poitiers
Direction.NORTH,18,False,19,2,Auchel,Bray-Dunes
Direction.NORTH,108,False,109,7,Lay,Givet
Direction.NORTH,73,False,74,4,Maison-Rouge,Flines-lès-Mortagne
Direction.NORTH,21,False,22,2,Saint-Thuriau,Ploubazlanec
Direction.NORTH,6,False,7,2,Moutiers-sous-Argenton,Gennes
Direction.NORTH,34,True,35,3,Héry,Reims
Direction.NORTH,35,False,36,5,Montbonnot-Saint-Martin,Morez
Direction.NORTH,169,False,170,13,Larreule,Berville-sur-Mer
Direction.NORTH,2,False,3,1,Bray,Rouge-Perriers
Direction.NORTH,7,True,8,2,Drocourt,Lille
Direction.NORTH,23,False,24,2,Béthelainville,Williers
Direction.NORTH,29,False,30,2,Ergersheim,Rolbing
Direction.NORTH,66,True,67,6,Fontenay-Trésigny,Tourcoing
Direction.NORTH,157,False,158,11,La Chapelle-en-Vercors,Fleigneux
Direction.NORTH,108,True,109,10,Chalivoy-Milon,Tourcoing
Direction.NORTH,49,False,50,2,Saint-Denis-sur-Sarthon,Honfleur
Direction.NORTH,15,False,16,1,Marignier,Évian-les-Bains
Direction.NORTH,50,True,51,6,Châteauneuf-de-Gadagne,Lyon
Direction.NORTH,116,False,117,5,Saint-Boil,Givet
Direction.NORTH,30,False,31,4,Le Pertre,Hébécrevon
Direction.NORTH,114,False,115,8,Sulignat,Givet
Direction.NORTH,69,False,70,5,Binges,Fleigneux
Direction.NORTH,3,True,4,1,Rocquancourt,Caen
Direction.NORTH,84,False,85,5,Ougney-Douvot,Merschweiller
Direction.NORTH,42,False,43,5,Cognet,Morez
Direction.NORTH,114,False,115,8,Ambléon,Ville-Houdlémont
Direction.NORTH,148,False,149,9,Saint-Appolinard,Givet
Direction.NORTH,5,False,6,1,Floing,Fleigneux
Direction.NORTH,10,False,11,2,Lembach,Rolbing
Direction.NORTH,33,False,34,3,Fey-en-Haye,Ville-Houdlémont
Direction.NORTH,20,False,21,3,Haudiomont,Allondrelle-la-Malmaison
Direction.NORTH,115,False,116,8,Groslée,Ville-Houdlémont
Direction.NORTH,53,True,54,7,Teyssieu,Orléans
Direction.NORTH,99,True,100,8,Siaugues-Sainte-Marie,Reims
Direction.NORTH,91,False,92,7,Gatey,Fleigneux
Direction.NORTH,108,True,109,9,Monts-de-Randon,Reims
Direction.NORTH,99,False,100,9,Montfa,Voves
Direction.NORTH,23,False,24,2,Grand Bourgtheroulde,Sainte-Marguerite-sur-Mer
Direction.NORTH,48,False,49,4,Offoy,Bray-Dunes
Direction.NORTH,50,False,51,5,Le Frestoy-Vaux,Bray-Dunes
Direction.NORTH,39,True,40,3,Carbon-Blanc,Niort
Direction.NORTH,163,False,164,11,Saint-Dionisy,Givet
Direction.NORTH,55,False,56,3,Évron,Honfleur
Direction.NORTH,172,False,173,13,Lée,Berville-sur-Mer
Direction.NORTH,0,True,1,1,Saint-Denis,Saint-Denis
Direction.NORTH,71,False,72,8,Lamothe-Fénelon,Voves
Direction.NORTH,12,True,13,4,Mureils,Vénissieux
Direction.NORTH,124,False,125,11,Mouchan,Serquigny
Direction.NORTH,4,False,5,1,Foulbec,Berville-sur-Mer
Direction.NORTH,50,False,51,4,Mesnil-Saint-Georges,Bray-Dunes
Direction.NORTH,32,False,33,3,Le Bouillon,Berville-sur-Mer
Direction.NORTH,6,True,7,1,Aiserey,Dijon
Direction.NORTH,17,False,18,1,Bar-lès-Buzancy,Fleigneux
Direction.NORTH,128,False,129,10,Bouvesse-Quirieu,Fleigneux
Direction.NORTH,50,True,51,3,Bellencombre,Calais
Direction.NORTH,20,False,21,2,Biéville,Saint-Pierre-du-Mont
Direction.NORTH,15,True,16,2,Mont-de-Marsan,Bordeaux
Direction.NORTH,84,True,85,7,Cabanac,Tours
Direction.NORTH,92,True,93,9,Bitry,Tourcoing
Direction.NORTH,41,True,42,3,Belleville-sur-Mer,Calais
Direction.NORTH,50,False,51,5,Sternenberg,Blies-Guersviller
Direction.NORTH,15,False,16,1,Piblange,Merschweiller
Direction.NORTH,75,True,76,6,Mas-Grenier,Tours
Direction.NORTH,130,False,131,9,Génissac,Berville-sur-Mer
Direction.NORTH,88,False,89,5,Ronchaux,Mondorff
Direction.NORTH,18,False,19,1,Léaupartie,Honfleur
Direction.NORTH,19,True,20,2,Maurrin,Bordeaux
Direction.NORTH,111,False,112,8,Sermoyer,Givet
Direction.NORTH,3,True,4,2,Villiers-le-Bâcle,Clamart
Direction.NORTH,26,False,27,2,Montigny,Schœneck
Direction.NORTH,15,False,16,2,Bléruais,Saint-Jacut-de-la-Mer
Direction.NORTH,62,False,63,4,Port-sur-Saône,Mondorff
Direction.NORTH,58,False,59,7,Puilboreau,Le Mont-Saint-Michel
Direction.NORTH,111,False,112,7,Montfleur,Fleigneux
Direction.NORTH,13,False,14,1,La Chapelle-Thouarault,Le Vivier-sur-Mer
Direction.NORTH,3,False,4,1,Solre-le-Château,Bousignies-sur-Roc
Direction.NORTH,22,True,23,3,Rougnac,Poitiers
Direction.NORTH,71,False,72,6,Malbuisson,Blies-Guersviller
Direction.NORTH,5,False,6,1,Loix,Les Portes-en-Ré
Direction.NORTH,117,False,118,10,Coustaussa,Voves
Direction.NORTH,68,False,69,6,Pontarlier,Blies-Guersviller
Direction.NORTH,0,False,1,1,Blégiers,Blégiers
Direction.NORTH,0,False,1,1,Ithorots-Olhaïby,Ithorots-Olhaïby
Direction.NORTH,39,False,40,3,Allonville,Bray-Dunes
Direction.NORTH,28,False,29,4,Senones,Blies-Guersviller
Direction.NORTH,96,True,97,9,Suilly-la-Tour,Tourcoing
Direction.NORTH,4,True,5,1,Faye-d'Anjou,Angers
Direction.NORTH,35,False,36,5,Le Temple,Serquigny
Direction.NORTH,20,False,21,1,Saint-Clair-sur-les-Monts,Saint-Valery-en-Caux
Direction.NORTH,45,False,46,5,Champagney,Blies-Guersviller
Direction.NORTH,108,False,109,8,La Jard,Berville-sur-Mer
Direction.NORTH,34,False,35,3,Saint-Denis-des-Coudrais,Serquigny
Direction.NORTH,46,False,47,2,Saint-Germain,Merschweiller
Direction.NORTH,13,False,14,2,Graignes-Mesnil-Angot,Saint-Pierre-du-Mont
Direction.NORTH,110,False,111,8,Civrieux,Fleigneux
Direction.NORTH,29,False,30,2,Saint-Martin-sur-Cojeul,Halluin
Direction.NORTH,46,False,47,3,Lignières-Orgères,Honfleur
Direction.NORTH,21,False,22,1,Demouville,Honfleur
Direction.NORTH,130,False,131,9,Curis-au-Mont-d'Or,Givet
Direction.NORTH,24,True,25,4,Sury-aux-Bois,Noisy-le-Grand
Direction.NORTH,15,False,16,2,Zoteux,Grand-Fort-Philippe
Direction.NORTH,7,False,8,1,Andel,Erquy
Direction.NORTH,19,False,20,2,Escaudœuvres,Flines-lès-Mortagne
Direction.NORTH,54,False,55,3,Ruvigny,Givet
Direction.NORTH,120,False,121,10,Brenac,Voves
Direction.NORTH,3,True,4,2,Lamotte-Beuvron,Orléans
Direction.NORTH,95,False,96,5,Vaux-et-Chantegrue,Mondorff
Direction.NORTH,111,False,112,8,Saint-Clément-les-Places,Givet
Direction.NORTH,2,False,3,1,Douy,Lanneray
Direction.NORTH,28,False,29,3,Champrond-en-Gâtine,Serquigny
Direction.NORTH,89,False,90,6,La Motte-Saint-Jean,Givet
Direction.NORTH,9,False,10,1,Faverolles-la-Campagne,Le Bec-Thomas
Direction.NORTH,138,False,139,10,Aizac,Givet
Direction.NORTH,21,False,22,2,Mouaville,Ville-Houdlémont
Direction.NORTH,5,False,6,1,Saint-Suliac,Saint-Coulomb
Direction.NORTH,71,False,72,4,Guillon,Givet
Direction.NORTH,72,False,73,5,Champagne-sur-Oise,Bray-Dunes
Direction.NORTH,66,False,67,4,Voigny,Givet
Direction.NORTH,24,False,25,3,Serain,Flines-lès-Mortagne
Direction.NORTH,36,False,37,3,Saint-Joire,Ville-Houdlémont
Direction.NORTH,105,False,106,8,Cabariot,Berville-sur-Mer
Direction.NORTH,80,False,81,6,La Petite-Verrière,Givet
Direction.NORTH,28,False,29,3,Hendecourt-lès-Ransart,Bray-Dunes
Direction.NORTH,119,False,120,8,Saint-Jean-Bonnefonds,Givet
Direction.NORTH,78,True,79,8,Bourdonné,Calais
Direction.NORTH,45,True,46,5,Saint-Illide,Bourges
Direction.NORTH,28,False,29,3,Berles-au-Bois,Bray-Dunes
Direction.NORTH,5,False,6,1,Guilers,Landéda
Direction.NORTH,57,True,58,7,Le Trioulou,Orléans
Direction.NORTH,27,True,28,5,Saint-Laurent,Orléans
Direction.NORTH,40,False,41,5,Duranus,Évian-les-Bains
Direction.NORTH,129,False,130,9,Les Vastres,Givet
Direction.NORTH,17,False,18,2,Printzheim,Rolbing
Direction.NORTH,19,True,20,2,Chilhac,Clermont-Ferrand
Direction.NORTH,24,False,25,1,Adaincourt,Merschweiller
Direction.NORTH,47,True,48,4,Saintines,Lille
Direction.NORTH,91,False,92,6,Gissey-sur-Ouche,Givet
Direction.NORTH,10,True,11,2,Boisseuilh,Limoges
Direction.NORTH,65,False,66,4,Aulnoy,Flines-lès-Mortagne
Direction.NORTH,99,False,100,8,Charmont-en-Beauce,Bray-Dunes
Direction.NORTH,96,True,97,9,Myennes,Tourcoing
Direction.NORTH,15,False,16,2,Wavrans-sur-l'Aa,Grand-Fort-Philippe
Direction.NORTH,34,False,35,2,Meurival,Gussignies
Direction.NORTH,35,False,36,4,Bray-sur-Somme,Bray-Dunes
Direction.NORTH,16,False,17,2,Maslives,Voves
Direction.NORTH,49,False,50,4,Le Hamel,Bray-Dunes
Direction.NORTH,42,False,43,4,Dissé-sous-Ballon,Berville-sur-Mer
Direction.NORTH,64,False,65,3,Saulchery,Flines-lès-Mortagne
Direction.NORTH,99,False,100,8,Belleroche,Givet
Direction.NORTH,50,True,51,4,Bouniagues,Tours
Direction.NORTH,82,False,83,6,Billy-lès-Chanceaux,Givet
Direction.NORTH,0,False,1,1,Escures-sur-Favières,Escures-sur-Favières
Direction.NORTH,159,False,160,11,Aigremont,Givet
Direction.NORTH,4,True,5,2,Torreilles,Narbonne
Direction.NORTH,2,True,3,1,Montbré,Reims
Direction.NORTH,65,False,66,6,Preuilly-sur-Claise,Serquigny
Direction.NORTH,22,False,23,2,Pallud,Évian-les-Bains
Direction.NORTH,54,False,55,4,La Roche-l'Abeille,Voves
Direction.NORTH,120,False,121,8,Merle-Leignec,Givet
Direction.NORTH,116,False,117,10,La Sauvetat-sur-Lède,Serquigny
Direction.NORTH,31,False,32,3,Pont-sur-Meuse,Ville-Houdlémont
Direction.NORTH,100,False,101,8,Thoux,Voves
Direction.NORTH,94,False,95,4,Éguilly,Givet
Direction.NORTH,0,False,1,1,Pargny-Resson,Pargny-Resson
Direction.NORTH,14,False,15,3,Chambord,Voves
Direction.NORTH,9,False,10,1,Le Cloître-Pleyben,Locquénolé
Direction.NORTH,22,True,23,2,Saint-Grégoire-d'Ardennes,Niort
Direction.NORTH,49,False,50,2,Vitry-le-François,Givet
Direction.NORTH,77,False,78,7,Rouillé,Berville-sur-Mer
Direction.NORTH,131,False,132,11,Serralongue,Voves
Direction.NORTH,112,False,113,8,Andelot-Morval,Fleigneux
Direction.NORTH,84,True,85,9,Sainte-Anne,Tours
Direction.NORTH,44,True,45,4,Montussan,Niort
Direction.NORTH,142,False,143,12,Puymaurin,Serquigny
Direction.NORTH,23,False,24,1,Gorges,Réthoville
Direction.NORTH,152,False,153,11,Betbezer-d'Armagnac,Berville-sur-Mer
Direction.NORTH,64,True,65,7,Pampelonne,Bourges
Direction.NORTH,76,False,77,5,Saint-Leu-la-Forêt,Bray-Dunes
Direction.NORTH,10,True,11,1,Nomain,Tourcoing
Direction.NORTH,115,False,116,5,Ozenay,Givet
Direction.NORTH,60,False,61,7,Clion,Serquigny
Direction.NORTH,75,True,76,6,Champagne-sur-Seine,Tourcoing
Direction.NORTH,114,True,115,11,Chavenon,Tourcoing
Direction.NORTH,30,False,31,2,Hagéville,Ville-Houdlémont
Direction.NORTH,69,False,70,3,Spoy,Givet
Direction.NORTH,24,False,25,2,Mousson,Mondorff
Direction.NORTH,4,False,5,1,Barjouville,Barjouville
Direction.NORTH,28,False,29,3,Goulet,Berville-sur-Mer
Direction.NORTH,63,False,64,6,Denèvre,Ville-Houdlémont
Direction.NORTH,51,False,52,3,Seux,Grand-Fort-Philippe
Direction.NORTH,170,False,171,11,Arpavon,Fleigneux
Direction.NORTH,42,False,43,3,Les Mesneux,Gussignies
Direction.NORTH,62,False,63,3,Fuligny,Givet
Direction.NORTH,18,True,19,2,Paizay-le-Sec,Tours
Direction.NORTH,12,False,13,1,Dinéault,Roscoff
Direction.NORTH,51,True,52,6,Tourbes,Clermont-Ferrand
Direction.NORTH,94,False,95,9,Saint-Léon-sur-l'Isle,Serquigny
Direction.NORTH,110,False,111,8,Reyssouze,Givet
Direction.NORTH,5,False,6,1,Bullainville,Voves
Direction.NORTH,149,True,150,13,Sainte-Marie,Tourcoing
Direction.NORTH,60,False,61,6,Bourguignon-lès-Morey,Ville-Houdlémont
Direction.NORTH,133,False,134,9,Saint-Léon,Berville-sur-Mer
Direction.NORTH,3,True,4,1,Mérey-sous-Montrond,Besançon
Direction.NORTH,3,False,4,1,Pontorson,Le Mont-Saint-Michel
Direction.NORTH,43,True,44,6,Saint-Martial-de-Gimel,Orléans
Direction.NORTH,18,False,19,3,Bonloc,Arcachon
Direction.NORTH,1,True,2,1,Salouël,Amiens
Direction.NORTH,23,False,24,2,Malansac,Plévenon
Direction.NORTH,63,True,64,5,Granges-sur-Lot,Tours
Direction.NORTH,132,False,133,9,Daignac,Berville-sur-Mer
Direction.NORTH,61,False,62,6,Cavalaire-sur-Mer,Évian-les-Bains
Direction.NORTH,79,False,80,7,Ounans,Ville-Houdlémont
Direction.NORTH,86,False,87,5,Abbans-Dessus,Mondorff
Direction.NORTH,105,False,106,10,La Salvetat-Lauragais,Voves
Direction.NORTH,146,False,147,9,Bézaudun-sur-Bîne,Fleigneux
Direction.NORTH,52,True,53,4,Champallement,Reims
Direction.NORTH,26,True,27,3,Réaux,Niort
Direction.NORTH,75,True,76,7,Grosrouvre,Calais
Direction.NORTH,102,True,103,7,Bagnères-de-Bigorre,Tours
Direction.NORTH,14,False,15,2,Bonsmoulins,Saint-Léger-de-Rôtes
Direction.NORTH,48,True,49,6,Laurens,Clermont-Ferrand
Direction.NORTH,153,False,154,13,Pinas,Serquigny
Direction.NORTH,14,False,15,1,Bouzonville,Merschweiller
Direction.NORTH,85,True,86,7,Cunlhat,Reims
Direction.NORTH,4,True,5,1,Cusy,Annecy
Direction.NORTH,177,False,178,13,Poumarous,Berville-sur-Mer
Direction.NORTH,62,False,63,3,Golbey,Merschweiller
Direction.NORTH,19,True,20,2,Oisy-le-Verger,Tourcoing
Direction.NORTH,89,False,90,7,Saint-Aubin,Fleigneux
Direction.NORTH,180,False,181,13,Oueilloux,Berville-sur-Mer
Direction.NORTH,64,False,65,4,Jouarre,Flines-lès-Mortagne
Direction.NORTH,146,False,147,14,Montoulieu,Givet
Direction.NORTH,9,False,10,1,Villeau,Mainvilliers
Direction.NORTH,142,False,143,9,Floudès,Berville-sur-Mer
Direction.NORTH,63,False,64,4,Saint-Jean-de-Linières,Courseulles-sur-Mer
Direction.NORTH,24,False,25,2,Tincques,Bray-Dunes
Direction.NORTH,9,False,10,2,Lignières,Saint-Hilaire-sur-Yerre
Direction.NORTH,5,True,6,1,Verneil-le-Chétif,Le Mans
Direction.NORTH,99,False,100,5,Oye-et-Pallet,Merschweiller
Direction.NORTH,24,False,25,1,La Caine,Arromanches-les-Bains
Direction.NORTH,118,False,119,9,Pont-d'Ain,Fleigneux
Direction.NORTH,60,False,61,5,Oberlarg,Blies-Guersviller
Direction.NORTH,31,True,32,3,Saint-Brice-sur-Vienne,Tours
Direction.NORTH,131,False,132,9,Saint-Paul-d'Izeaux,Ville-Houdlémont
Direction.NORTH,5,True,6,2,Romorantin-Lanthenay,Orléans
Direction.NORTH,44,False,45,5,Saint-Amand-Longpré,Serquigny
Direction.NORTH,26,True,27,2,Les Moussières,Besançon
Direction.NORTH,161,True,162,15,Aubin,Tourcoing
Direction.NORTH,13,False,14,1,Saint-Pierre-Bénouville,Sainte-Marguerite-sur-Mer
Direction.NORTH,10,False,11,1,Hasnon,Flines-lès-Mortagne
Direction.NORTH,131,False,132,6,Les Ardillats,Givet
Direction.NORTH,5,True,6,1,Authezat,Clermont-Ferrand
Direction.NORTH,128,False,129,11,Sahorre,Voves
Direction.NORTH,64,True,65,6,La Celle-sur-Morin,Tourcoing
Direction.NORTH,7,True,8,2,Savigny-le-Temple,Noisy-le-Grand
Direction.NORTH,11,False,12,2,Chauvency-Saint-Hubert,Williers
Direction.NORTH,36,False,37,4,Valennes,Serquigny
Direction.NORTH,22,False,23,2,Éply,Mondorff
Direction.NORTH,7,False,8,2,Villamblain,Voves
Direction.NORTH,79,True,80,7,Jouy,Tourcoing
Direction.NORTH,65,True,66,6,Haute-Isle,Calais
Direction.NORTH,76,False,77,6,Bazemont,Bray-Dunes
Direction.NORTH,136,True,137,12,La Godivelle,Tourcoing
Direction.NORTH,52,False,53,3,Bainville-aux-Saules,Mondorff
Direction.NORTH,0,False,1,1,Levroux,Levroux
Direction.NORTH,16,True,17,3,Montgiscard,Montauban
Direction.NORTH,122,False,123,7,Brignais,Fleigneux
Direction.NORTH,26,False,27,2,Boubers-sur-Canche,Bray-Dunes
Direction.NORTH,71,False,72,4,Laferté-sur-Aube,Givet
Direction.NORTH,25,False,26,2,Fontaine-Notre-Dame,Flines-lès-Mortagne
Direction.NORTH,33,False,34,3,Bursard,Berville-sur-Mer
Direction.NORTH,3,True,4,1,Saint-Vincent-sur-Graon,La Roche-sur-Yon
Direction.NORTH,46,True,47,4,Formerie,Calais
Direction.NORTH,25,False,26,2,Wisches,Blies-Guersviller
Direction.NORTH,6,True,7,3,Rochepaule,Saint-Étienne
Direction.NORTH,51,False,52,5,Marcoux,Évian-les-Bains
Direction.NORTH,71,False,72,4,Chaux-la-Lotière,Mondorff
Direction.NORTH,9,False,10,1,Saint-Blaise,Saint-Julien-en-Genevois
Direction.NORTH,90,False,91,6,Sciecq,Berville-sur-Mer
Direction.NORTH,144,False,145,11,Villefranche,Serquigny
Direction.NORTH,105,False,106,8,Écurat,Berville-sur-Mer
Direction.NORTH,156,True,157,14,Agen-d'Aveyron,Tourcoing
Direction.NORTH,93,False,94,9,Virac,Voves
Direction.NORTH,16,False,17,2,Aix-en-Issart,Grand-Fort-Philippe
Direction.NORTH,33,False,34,4,Sainte-Luce-sur-Loire,Le Mont-Saint-Michel
Direction.NORTH,47,False,48,4,Orquevaux,Fleigneux
Direction.NORTH,36,False,37,2,Urbeis,Blies-Guersviller
Direction.NORTH,104,False,105,7,Serrigny-en-Bresse,Givet
Direction.NORTH,170,False,171,13,Urost,Berville-sur-Mer
Direction.NORTH,17,False,18,3,Oblinghem,Bray-Dunes
Direction.NORTH,19,True,20,1,Granges-sur-Aube,Reims
Direction.NORTH,21,False,22,2,Altenheim,Rolbing
Direction.NORTH,34,False,35,4,Mandray,Blies-Guersviller
Direction.NORTH,25,False,26,2,Remies,Gussignies
Direction.NORTH,158,False,159,12,Auribeau,Ville-Houdlémont
Direction.NORTH,8,True,9,2,Gavarnie,Pau
Direction.NORTH,74,True,75,8,Tilly,Calais
Direction.NORTH,10,True,11,2,Saint-Bonnet-la-Rivière,Limoges
Direction.NORTH,4,True,5,1,Hermelinghen,Calais
Direction.NORTH,44,False,45,2,Vanault-le-Châtel,Givet
Direction.NORTH,110,True,111,9,Cultures,Reims
Direction.NORTH,179,True,180,17,Ventenac-en-Minervois,Tourcoing
Direction.NORTH,94,True,95,7,Montmaurin,Tours
Direction.NORTH,38,False,39,5,Soultzeren,Blies-Guersviller
Direction.NORTH,11,True,12,2,Venansault,Nantes
Direction.NORTH,70,False,71,8,Villeparisis,Bray-Dunes
Direction.NORTH,22,False,23,2,Honguemare-Guenouville,Sainte-Marguerite-sur-Mer
Direction.NORTH,20,False,21,2,Montrabot,Saint-Pierre-du-Mont
Direction.NORTH,5,False,6,1,Noards,Fort-Moville
Direction.NORTH,72,False,73,5,Saint-Martin-du-Tertre,Bray-Dunes
Direction.NORTH,90,True,91,6,Saint-Bonnet-lès-Allier,Reims
Direction.NORTH,95,False,96,9,Saint-Jean-d'Ataux,Serquigny
Direction.NORTH,19,True,20,2,Trois-Fonds,Bourges
Direction.NORTH,130,False,131,12,Mansonville,Serquigny
Direction.NORTH,119,False,120,9,L'Abergement-de-Varey,Fleigneux
Direction.NORTH,10,False,11,1,Saint-Brieuc-des-Iffs,Saint-Coulomb
Direction.NORTH,14,False,15,2,Eywiller,Blies-Guersviller
Direction.NORTH,89,False,90,9,Castelnau-de-Montmiral,Voves
Direction.NORTH,108,False,109,7,Fleurville,Givet
Direction.NORTH,0,False,1,1,Guirlange,Guirlange
Direction.NORTH,7,True,8,2,Les Saintes-Maries-de-la-Mer,Nîmes
Direction.NORTH,59,False,60,5,Seppois-le-Haut,Blies-Guersviller
Direction.NORTH,22,False,23,1,Écretteville-sur-Mer,Saint-Valery-en-Caux
Direction.NORTH,8,True,9,1,Ineuil,Bourges
Direction.NORTH,154,False,155,12,Ayzieu,Berville-sur-Mer
Direction.NORTH,38,False,39,3,Chaillac,Voves
Direction.NORTH,99,False,100,9,Saint-Lieux-lès-Lavaur,Voves
Direction.NORTH,99,False,100,8,Mérignac,Berville-sur-Mer
Direction.NORTH,131,True,132,12,Malauzat,Tourcoing
Direction.NORTH,120,False,121,8,Villars,Givet
Direction.NORTH,2,True,3,1,Bouaye,Nantes
Direction.NORTH,50,False,51,4,Harmonville,Ville-Houdlémont
Direction.NORTH,15,False,16,1,Belval,Givet
Direction.NORTH,50,True,51,5,Villers-Cotterêts,Tourcoing
Direction.NORTH,22,True,23,2,Chanteuges,Clermont-Ferrand
Direction.NORTH,26,False,27,3,Bannoncourt,Allondrelle-la-Malmaison
Direction.NORTH,38,True,39,3,Biville-sur-Mer,Calais
Direction.NORTH,18,True,19,2,Pujo-le-Plan,Bordeaux
Direction.NORTH,73,False,74,4,Châteaubleau,Flines-lès-Mortagne
Direction.NORTH,136,False,137,9,Châtelus,Ville-Houdlémont
Direction.NORTH,47,False,48,2,Huiron,Givet
Direction.NORTH,55,False,56,5,Châteauneuf-la-Forêt,Voves
Direction.NORTH,39,False,40,4,La Bresse,Blies-Guersviller
Direction.NORTH,44,True,45,6,Saint-Merd-de-Lapleau,Orléans
Direction.NORTH,10,False,11,1,Kemplich,Mondorff
Direction.NORTH,81,False,82,7,Larnagol,Voves
Direction.NORTH,33,False,34,2,Cordemais,Saint-Coulomb
Direction.NORTH,22,True,23,2,Saint-Loubouer,Bordeaux
Direction.NORTH,43,False,44,6,Sainte-Florence,Le Mont-Saint-Michel
Direction.NORTH,35,False,36,1,Laneuveville-en-Saulnois,Merschweiller
Direction.NORTH,15,False,16,2,Le Maisnil,Bray-Dunes
Direction.NORTH,95,False,96,8,Bonneville,Berville-sur-Mer
Direction.NORTH,6,False,7,1,Conie-Molitard,Voves
Direction.NORTH,145,False,146,11,Ribeyret,Ville-Houdlémont
Direction.NORTH,135,False,136,8,Saint-Vérand,Fleigneux
Direction.NORTH,9,False,10,2,Luzoir,Bousignies-sur-Roc
Direction.NORTH,32,False,33,3,Buxières-sous-les-Côtes,Ville-Houdlémont
Direction.NORTH,53,False,54,3,Bonchamp-lès-Laval,Courseulles-sur-Mer
Direction.NORTH,141,False,142,9,Tartaras,Givet
Direction.NORTH,38,True,39,3,Accous,Bordeaux
Direction.NORTH,134,False,135,11,Saint-Laurent-les-Bains-Laval-d'Aurelle,Givet
Direction.NORTH,156,False,157,10,Beaufort-sur-Gervanne,Givet
Direction.NORTH,98,False,99,6,La Chapelle-Naude,Fleigneux
Direction.NORTH,72,False,73,7,Baladou,Voves
Direction.NORTH,4,False,5,1,Villebon,Chuisnes
Direction.NORTH,28,False,29,2,Réclonville,Schœneck
Direction.NORTH,20,False,21,1,Cons-Sainte-Colombe,Évian-les-Bains
Direction.NORTH,15,True,16,2,L'Île-d'Olonne,Nantes
Direction.NORTH,19,True,20,1,Nampteuil-sous-Muret,Saint-Quentin
Direction.NORTH,0,False,1,1,Senard,Senard
Direction.NORTH,25,True,26,2,Regnière-Écluse,Calais
Direction.NORTH,15,False,16,1,Niederstinzel,Schœneck
Direction.NORTH,0,False,1,1,Massegros Causses Gorges,Massegros Causses Gorges
Direction.NORTH,18,False,19,1,Baons-le-Comte,Saint-Valery-en-Caux
Direction.NORTH,161,False,162,11,Les Tonils,Fleigneux
Direction.NORTH,71,True,72,8,Flins-Neuve-Église,Calais
Direction.NORTH,115,False,116,7,Grilly,Merschweiller
Direction.NORTH,41,False,42,3,Brouillet,Gussignies
Direction.NORTH,185,True,186,17,Canet,Tourcoing
Direction.NORTH,10,True,11,4,Saint-Martin-du-Clocher,Poitiers
Direction.NORTH,78,False,79,7,Planioles,Voves
Direction.NORTH,169,False,170,11,Berre-l'Étang,Fleigneux
Direction.NORTH,79,False,80,4,Oricourt,Merschweiller
Direction.NORTH,67,False,68,4,Le Val-Saint-Éloi,Merschweiller
Direction.NORTH,11,True,12,1,Villers-sous-Chalamont,Besançon
Direction.NORTH,9,True,10,2,Berville,Beauvais
Direction.NORTH,65,False,66,4,Juzennecourt,Givet
Direction.NORTH,105,False,106,8,Vézelin-sur-Loire,Givet
Direction.NORTH,14,True,15,3,Le Poiré-sur-Velluire,Cholet
Direction.NORTH,71,False,72,6,Sainte-Gemme,Berville-sur-Mer
Direction.NORTH,89,False,90,5,Pessans,Mondorff
Direction.NORTH,52,False,53,6,Sainte-Marie,Blies-Guersviller
Direction.NORTH,72,False,73,4,Esternay,Flines-lès-Mortagne
Direction.NORTH,44,False,45,4,Razès,Voves
Direction.NORTH,92,True,93,8,Vailly-sur-Sauldre,Tourcoing
Direction.NORTH,175,True,176,16,Saint-Pons-de-Thomières,Tourcoing
Direction.NORTH,66,False,67,5,Le Bugue,Voves
Direction.NORTH,32,False,33,3,Passais,Saint-Pierre-du-Mont
Direction.NORTH,5,True,6,1,Chérisey,Metz
Direction.NORTH,10,False,11,1,Obrechies,Villers-Sire-Nicole
Direction.NORTH,38,False,39,4,Barcelonnette,Évian-les-Bains
Direction.NORTH,21,True,22,3,La Serre-Bussière-Vieille,Bourges
Direction.NORTH,77,False,78,8,Blond,Serquigny
Direction.NORTH,11,False,12,2,Éparcy,Bousignies-sur-Roc
Direction.NORTH,102,False,103,6,Reculfoz,Mondorff
Direction.NORTH,53,True,54,4,Mesnil-sous-Vienne,Calais
Direction.NORTH,45,False,46,4,Saint-Jean-d'Assé,Berville-sur-Mer
Direction.NORTH,14,False,15,2,Bréhain-la-Ville,Ville-Houdlémont
Direction.NORTH,82,False,83,8,Cramans,Ville-Houdlémont
Direction.NORTH,108,False,109,7,Bibost,Givet
Direction.NORTH,32,False,33,4,Fontaine-Couverte,Hébécrevon
Direction.NORTH,31,True,32,5,Chavanat,Orléans
Direction.NORTH,36,True,37,3,Tocqueville-sur-Eu,Calais
Direction.NORTH,62,False,63,4,La Longine,Merschweiller
Direction.NORTH,51,False,52,3,Chirmont,Bray-Dunes
Direction.NORTH,23,False,24,1,Terron-sur-Aisne,Givet
Direction.NORTH,11,False,12,3,Muzeray,Allondrelle-la-Malmaison
Direction.NORTH,60,False,61,6,Fêche-l'Église,Blies-Guersviller
Direction.NORTH,24,False,25,1,Lessay,Réthoville
Direction.NORTH,160,False,161,13,Ris,Serquigny
Direction.NORTH,65,True,66,5,Saint-Hilaire-de-Lusignan,Tours
Direction.NORTH,4,False,5,1,Villiers-Saint-Orien,Voves
Direction.NORTH,170,True,171,15,Courris,Tourcoing
Direction.NORTH,50,False,51,3,Malpart,Bray-Dunes
Direction.NORTH,19,False,20,1,Langatte,Schœneck
Direction.NORTH,52,False,53,3,Forcé,Courseulles-sur-Mer
Direction.NORTH,53,False,54,5,Barrême,Évian-les-Bains
Direction.NORTH,22,True,23,3,Lézat-sur-Lèze,Montauban
Direction.NORTH,45,True,46,5,Lussan,Lyon
Direction.NORTH,14,False,15,2,Berg,Blies-Guersviller
Direction.NORTH,4,False,5,1,Landévennec,Landévennec
Direction.NORTH,171,True,172,15,Senaux,Tourcoing
Direction.NORTH,4,False,5,1,Nottonville,Voves
Direction.NORTH,45,False,46,4,Sainte-Feyre,Voves
Direction.NORTH,30,False,31,2,Duppigheim,Rolbing
Direction.NORTH,128,False,129,11,Aucamville,Serquigny
Direction.NORTH,35,True,36,3,Sentein,Montauban
Direction.NORTH,51,False,52,5,Val-de-Meuse,Ville-Houdlémont
Direction.NORTH,70,False,71,4,Villers-sous-Saint-Leu,Bray-Dunes
Direction.NORTH,20,False,21,1,Courcelles-sur-Nied,Mondorff
Direction.NORTH,49,False,50,5,Doncourt-sur-Meuse,Ville-Houdlémont
Direction.NORTH,47,False,48,3,Charmes,Merschweiller
Direction.NORTH,0,False,1,1,Saint-Martin-du-Tilleul,Saint-Martin-du-Tilleul
Direction.NORTH,70,False,71,4,Saint-Lézin,Arromanches-les-Bains
Direction.NORTH,45,False,46,4,Vecqueville,Fleigneux
Direction.NORTH,58,False,59,4,Contréglise,Mondorff
Direction.NORTH,97,False,98,7,Thorigny-sur-le-Mignon,Berville-sur-Mer
Direction.NORTH,38,False,39,5,Thoré-la-Rochette,Serquigny
Direction.NORTH,63,True,64,5,La Villeneuve-en-Chevrie,Calais
Direction.NORTH,4,True,5,1,Avenay-Val-d'Or,Reims
Direction.NORTH,31,True,32,3,Vanzac,Niort
Direction.NORTH,67,True,68,7,Saussenac,Bourges
Direction.NORTH,124,False,125,10,Axat,Voves
Direction.NORTH,34,True,35,4,Villegenon,Noisy-le-Grand
Direction.NORTH,14,False,15,1,Motteville,Sainte-Marguerite-sur-Mer
Direction.NORTH,49,False,50,6,Monnaie,Serquigny
Direction.NORTH,1,True,2,1,Bouguenais,Nantes
Direction.NORTH,39,False,40,2,Les Rotours,Honfleur
Direction.NORTH,96,False,97,4,Bouhey,Givet
Direction.NORTH,122,True,123,11,Vicq,Tourcoing
Direction.NORTH,18,False,19,2,Saint-Amand,Saint-Pierre-du-Mont
Direction.NORTH,20,False,21,1,Auzebosc,Saint-Valery-en-Caux
Direction.NORTH,18,False,19,1,Tessel,Arromanches-les-Bains
Direction.NORTH,158,True,159,14,Saint-Santin-de-Maurs,Tourcoing
Direction.NORTH,19,True,20,1,Campigneulles-les-Petites,Calais
Direction.NORTH,19,True,20,2,Chauvigny,Tours
Direction.NORTH,128,False,129,8,Grenay,Fleigneux
Direction.NORTH,49,False,50,4,Saint-Georges-le-Gaultier,Honfleur
Direction.NORTH,129,False,130,5,Brandon,Givet
Direction.NORTH,106,False,107,8,Saint-Porchaire,Berville-sur-Mer
Direction.NORTH,21,False,22,1,Vendegies-au-Bois,Flines-lès-Mortagne
Direction.NORTH,12,True,13,4,Saugy,Orléans
Direction.NORTH,101,False,102,8,Saint-Laurent-de-la-Barrière,Berville-sur-Mer
Direction.NORTH,67,False,68,4,Breuil-le-Vert,Bray-Dunes
Direction.NORTH,12,False,13,1,Marange-Silvange,Mondorff
Direction.NORTH,36,True,37,3,Longroy,Calais
Direction.NORTH,64,False,65,4,Bussières,Flines-lès-Mortagne
Direction.NORTH,73,False,74,6,Chenevrey-et-Morogne,Ville-Houdlémont
Direction.NORTH,0,False,1,1,Jaunay-Marigny,Jaunay-Marigny
Direction.NORTH,27,True,28,3,Mirebeau,Le Mans
Direction.NORTH,24,True,25,2,Morganx,Bordeaux
Direction.NORTH,66,False,67,7,Saint-Geniès,Voves
Direction.NORTH,7,False,8,1,Lanrivoaré,Saint-Pabu
Direction.NORTH,27,False,28,1,L'Oudon,Honfleur
Direction.NORTH,51,False,52,4,Cérans-Foulletourte,Berville-sur-Mer
Direction.NORTH,139,False,140,11,Fraissinet-de-Lozère,Givet
Direction.NORTH,8,False,9,1,Réthoville,Réthoville
Direction.NORTH,0,False,1,1,Sarcicourt,Sarcicourt
Direction.NORTH,8,False,9,1,Saint-Cergues,Yvoire
Direction.NORTH,23,False,24,2,Dabo,Blies-Guersviller
Direction.NORTH,26,False,27,2,Boubers-sur-Canche,Bray-Dunes
Direction.NORTH,5,True,6,1,Fessenheim,Colmar
Direction.NORTH,63,False,64,6,Venarsal,Voves
Direction.NORTH,67,False,68,3,Jaucourt,Givet
Direction.NORTH,42,False,43,3,Cousances-les-Forges,Fleigneux
Direction.NORTH,60,True,61,4,Péroy-les-Gombries,Tourcoing
Direction.NORTH,47,False,48,4,Montaigut-le-Blanc,Voves
Direction.NORTH,85,False,86,6,Saint-Martin-en-Gâtinois,Fleigneux
Direction.NORTH,32,False,33,3,Euville,Ville-Houdlémont
Direction.NORTH,10,False,11,1,Bretteville,Réthoville
Direction.NORTH,98,False,99,8,Pillemoine,Ville-Houdlémont
Direction.NORTH,108,False,109,8,Les Gonds,Berville-sur-Mer
Direction.NORTH,85,False,86,6,Laperrière-sur-Saône,Fleigneux
Direction.NORTH,155,False,156,12,Bascous,Berville-sur-Mer
Direction.NORTH,24,False,25,2,Ambricourt,Grand-Fort-Philippe
Direction.NORTH,10,False,11,2,Butten,Blies-Guersviller
Direction.NORTH,8,False,9,1,Aviron,Le Thuit
Direction.NORTH,87,False,88,5,Adam-lès-Passavant,Merschweiller
Direction.NORTH,42,False,43,5,Roquebrune-Cap-Martin,Évian-les-Bains
Direction.NORTH,48,False,49,3,Rouvrel,Bray-Dunes
Direction.NORTH,10,True,11,1,Saint-Omer,Caen
Direction.NORTH,38,True,39,3,Eppeville,Tourcoing
Direction.NORTH,37,False,38,5,Saint-Sauveur-sur-Tinée,Évian-les-Bains
Direction.NORTH,11,True,12,2,Voissay,Niort
Direction.NORTH,142,False,143,6,Moiré,Givet
Direction.NORTH,8,True,9,2,La Jarrie-Audouin,Niort
Direction.NORTH,2,True,3,1,Garons,Nîmes
Direction.NORTH,139,False,140,10,Saint-Martin-de-Clelles,Ville-Houdlémont
Direction.NORTH,12,False,13,1,Hazebrouck,Bray-Dunes
Direction.NORTH,139,False,140,6,Moiré,Givet
Direction.NORTH,26,False,27,2,Mailly-sur-Seille,Mondorff
Direction.NORTH,41,False,42,4,Saint-Germain-Beaupré,Voves
Direction.NORTH,58,False,59,6,Uzerche,Voves
Direction.NORTH,4,True,5,1,Uchaud,Nîmes
Direction.NORTH,73,True,74,6,Courcelles-en-Bassée,Tourcoing
Direction.NORTH,90,False,91,7,Doix-lès-Fontaines,Berville-sur-Mer
Direction.NORTH,35,True,36,4,Ussel,Bourges
Direction.NORTH,11,False,12,1,Le Faou,Roscoff
Direction.NORTH,23,False,24,2,Étaves-et-Bocquiaux,Flines-lès-Mortagne
Direction.NORTH,2,True,3,1,Leers,Tourcoing
Direction.NORTH,66,False,67,5,Marey-sur-Tille,Fleigneux
Direction.NORTH,38,False,39,3,Bourdon,Bray-Dunes
Direction.NORTH,72,False,73,6,Pesmes,Ville-Houdlémont
Direction.NORTH,111,False,112,6,Beaumont-Sardolles,Flines-lès-Mortagne
Direction.NORTH,4,True,5,1,Fiennes,Calais
Direction.NORTH,41,True,42,4,Bidon,Lyon
Direction.NORTH,103,False,104,8,Ouches,Givet
Direction.NORTH,60,True,61,5,Saint-Vite,Tours
Direction.NORTH,111,False,112,8,Évosges,Ville-Houdlémont
Direction.NORTH,127,True,128,12,Montbazin,Reims
Direction.NORTH,87,False,88,7,Paizay-le-Chapt,Berville-sur-Mer
Direction.NORTH,29,False,30,2,Ménil-Hubert-sur-Orne,Courseulles-sur-Mer
Direction.NORTH,128,False,129,8,Lieudieu,Fleigneux
Direction.NORTH,10,False,11,3,Fabrezan,Castelnau-de-Brassac
Direction.NORTH,137,False,138,12,Castelvieilh,Serquigny
Direction.NORTH,72,True,73,6,Galluis,Calais
Direction.NORTH,54,False,55,6,Bart,Blies-Guersviller
Direction.NORTH,22,False,23,1,Rumilly-en-Cambrésis,Flines-lès-Mortagne
Direction.NORTH,44,False,45,6,Neuville-sur-Brenne,Serquigny
Direction.NORTH,8,True,9,2,Commequiers,Nantes
Direction.NORTH,23,False,24,2,Port-sur-Seille,Mondorff
Direction.NORTH,21,False,22,2,Gesnes-en-Argonne,Fleigneux
